{
	"format_version": "1.12.0",
	"minecraft:geometry": [
		{
			"description": {
				"identifier": "geometry.large_rock",
				"texture_width": 16,
				"texture_height": 16,
				"visible_bounds_width": 2,
				"visible_bounds_height": 1.5,
				"visible_bounds_offset": [0, 0.25, 0]
			},
			"bones": [
				{
					"name": "bb_main",
					"pivot": [0, 0, 0],
					"cubes": [
						{
							"origin": [-5, 0, -3],
							"size": [12, 3, 7],
							"uv": {
								"north": {"uv": [0, 0], "uv_size": [12, 3]},
								"east": {"uv": [0, 0], "uv_size": [7, 3]},
								"south": {"uv": [0, 0], "uv_size": [12, 3]},
								"west": {"uv": [0, 0], "uv_size": [7, 3]},
								"up": {"uv": [12, 7], "uv_size": [-12, -7]},
								"down": {"uv": [12, 7], "uv_size": [-12, -7]}
							}
						},
						{
							"origin": [-1, 3, -1],
							"size": [7, 1, 4],
							"uv": {
								"north": {"uv": [0, 0], "uv_size": [7, 1]},
								"east": {"uv": [0, 0], "uv_size": [4, 1]},
								"south": {"uv": [0, 0], "uv_size": [7, 1]},
								"west": {"uv": [0, 0], "uv_size": [4, 1]},
								"up": {"uv": [7, 4], "uv_size": [-7, -4]},
								"down": {"uv": [7, 4], "uv_size": [-7, -4]}
							}
						},
						{
							"origin": [-4, 0, -5],
							"size": [8, 1, 10],
							"uv": {
								"north": {"uv": [0, 0], "uv_size": [8, 1]},
								"east": {"uv": [0, 0], "uv_size": [10, 1]},
								"south": {"uv": [0, 0], "uv_size": [8, 1]},
								"west": {"uv": [0, 0], "uv_size": [10, 1]},
								"up": {"uv": [8, 10], "uv_size": [-8, -10]},
								"down": {"uv": [8, 10], "uv_size": [-8, -10]}
							}
						}
					]
				}
			]
		}
	]
}